{"cameraMode":{"drawMode":0,"name":"Shaded","section":"Shading Mode"},"sceneLighting":false,"audioPlay":false,"sceneViewState":{"showFog":true,"showMaterialUpdate":false,"showSkybox":false,"showFlares":true,"showImageEffects":true,"showParticleSystems":true},"in2DMode":false,"pivot":{"x":8.181098937988282,"y":1.2972596883773804,"z":-3.8299999237060549},"rotation":{"x":-0.03684990853071213,"y":0.9510533809661865,"z":-0.28018754720687868,"w":-0.1251215785741806},"size":7.561643600463867,"orthographic":false}